sha256	bytes	path
0967cb32f806f9c1927151142e73712d715e816cb5a351a14917e8441e82306b	10677	README.md
1848b3114f3b2e1717aa91dcfbaadfa2388e354e7c62ee38b9612d0d9830ac4f	441	run_stage2_example.sh
2f8e4d3779e4fe1e3035c1e0576e051d1fa10cecc70f22662aeb65382d7d9000	317	run_stage3_example.sh
db0b4759e1fea828c6c76689b7611fd4d3a1a41dcf4b6e5bf3e0b236867fe155	5943	scripts/audit_path1.py
c937502edfb3f23eeb53ebe1f1432ee483ab1f465b9c2a24bcc9f9a202266b0e	2657	scripts/audit_verify_sentinel.py
93316f819805ac166bde6532733801e42da4f6b013f20eb1486b19f334c840b3	6908	scripts/build_mock_bgs_maglim_catalog.py
94534854b11b5a3eef786e75617a776df0c01eb1751eb47aaf21bb3371d0631c	1264	scripts/check_ph000_env.sh
a164b97b950551de5a9f71eccbb44d7477e124c064a5d8689566107c99f7bb01	7775	scripts/inject_loa_spec_from_zall.py
079da34b9320f89544ec2a89da543c9796274856ccd8d2ce5808eb2bb21ba8b5	3546	scripts/install_fba_to_univ000.sh
8b73c4c4348d72305283974307a8872a697d94b0f8bbebf0bf768499c5e06b99	4453	scripts/run_loa_BCDE.sh
496de5b7211cce95926b2f97cb18a16a7e4b104a6f7dff5faeb9d4b0b7a811fd	1607	scripts/run_path1_fiberassign.sh
4cb0bde4d8acaafd05be536ffe22b22ce35963bb4079dd28eb94af81fa78b1e6	847	scripts/run_path1_maglim_from_fulld.sh
e6b1d1fa459ed5563519fe38887e75416d0f497949cab4fdb2d4ba583195bb61	1259	scripts/run_path1_mkcat_fulld_only.sh
2d783f9b87a9b7a8bb90dc648d1dc30bdf039b06e78d06620d938159e1481944	1338	scripts/run_path1_mkcat_mkclusdat_only.sh
7a90a6de9e8695b160fb0343eaeff6a89de3ebf51f9d6e69a041fe63260ab056	2470	scripts/run_path1_mkcat.sh
966c2140216b5143646d38d24edc4bc0cf742eb886bfe14500f3b7b3b4895f53	1346	scripts/run_path1_prepare.sh
3b03d640e607fb7bffc9697c0dae76c4487d4bec732416639952bac1c685afeb	3047	scripts/run_stage3_desi_aligned_mkcat.sh
a662e386314daa36ea2c114473a90976b3bfd2523a2c35ee9a1a6357b5c64be4	4825	scripts/stage1_cutsky_subset.py
9bb59bed4deb37ec21c83da696225119928540bb3485138e21e4d455e1917fda	16704	scripts/upstream_getpotaDA2_mock.py
115a07df11591a193b15019a43a5c35a7122ab30560146f0fe3fc8af641126c8	53160	scripts/upstream_mkCat_SecondGen_amtl.py
b96e392bde8af5dc23cb496944ad767ec377b2ab1db780d8af3aadd3655f33d1	20399	scripts/upstream_prepare_mocks_Y3_bright.py
4549a42a7fb75270cf79d10e48d2e3d025b914ec786c8a7f1163d1bb48449b76	23495	STAGE3_DESI_ALIGNMENT.md
0a1b449d51633c055164cb47b4a1f01a84077425d8a7d1b5b4173d8218be6cea	733	stage_3/fba0/stage3_postcollision_dedup_science.fits.json
d98b920fd3f83755f2a89184d9affa253fb5b9d704df9d5b695a2ffe5cf173ca	879	stage_3/path1_fiberassign_20260604_083322/mock_bgs_maglim_graph_ready.fits.json
376258e8b25b42c3eef1d947a03f04a01227696b479c1ab940259a7528c20ae4	7911	wedge/CACHE_TRAINING_NEW_WEDGES.md
a53607dc4f78aba3fca2f0151eb5382a310843b49ccbbbdc38edc5a62e35b19f	19289	wedge/mock_wedge_population_compare.json
8be9336415b9df1298c76521401fc2021a993b44dc0a23c5494d0f205ed3e2a5	581	wedge/run_stage3_annotate.sh
b4b2c6a4f4a45fa3e7d408abd1dd24bc8834406f2df7c2297b721ae5ac5b5c70	883	wedge/run_stage3_annotate.slurm
d5911d6ca844fb728e28af8625a9c79b6100fabd31a1367b04c2d79dcf3f6620	729	wedge/run_stage3_sbi_cache_15d.sh
8605c8b47894a1e74612efd1a42d3ef2034b978f69ac5bbb2e39c8e6dd31530f	668	wedge/staged_mock_wedge_forFA_rs7.manifest.json
f038c7e886422f281ccf2a1a42e3e938df368a51d6af07ed79545a66f0e60160	2339	wedge/staged_mock_wedge_pipeline_summary.json
9027d3e5263224c3c1147b7bf90dfebd7e126313006c8badd2a38385f4c88a7a	1711	wedge/STAGED_MOCK_WEDGE_SBI_README.md
467201ba7efd6a3896ab7cf3454fea4c725d890e8f8f090f43c4470401275c23	702	wedge/staged_mock_wedge_stage1_rmaglt19p5_rs7.manifest.json
98452dcfc70b52f506a51aac44e1e96446930966f322d91285a6e573e6161a2f	1464	wedge/staged_mock_wedge_stage3_mag_lim_wedge_manifest.json
98452dcfc70b52f506a51aac44e1e96446930966f322d91285a6e573e6161a2f	1464	wedge/staged_mock_wedge_stage3_mag_lim_wedge_rs7.manifest.json
1ad8d1867dd8ea7dff44fca9923588a75435d3eaad714254411cd0acfebb6fcf	664	wedge/staged_mock_wedge_stage3_postcollision_rs7.manifest.json
a2f66156ee3235e5299b455d567607a41f593a25f5e60f3b08081710fa10386e	1519	wedge/staged_mock_wedge_stage3_ra120_140_dec16p5_26p7_z0p2_0p3_manifest.json
a2f66156ee3235e5299b455d567607a41f593a25f5e60f3b08081710fa10386e	1519	wedge/staged_mock_wedge_stage3_ra120_140_dec16p5_26p7_z0p2_0p3_rs7.manifest.json
ca87fb87e33db84c401e7629cf2ab416d06ade4367824cf35a4112a05689bd4a	2018	wedge/staged_mock_wedge_stage3_variants_summary.json
ed92090279ac815c0fc5d587279ab32f682beb94d8795d2aca4f66dfccf6c407	1521	wedge/staged_mock_wedge_stage3_wedge2_ra128_138_dec18_25_z0_0p5_manifest.json
ed92090279ac815c0fc5d587279ab32f682beb94d8795d2aca4f66dfccf6c407	1521	wedge/staged_mock_wedge_stage3_wedge2_ra128_138_dec18_25_z0_0p5_rs7.manifest.json
0da171ebcaecdacd86c0f00f88e63c7c624c9feff7718eae6debd0af0180d664	591	wedge/staged_mock_wedge_truth_annotated_rs7.manifest.json
